"Title","Description","Category","Level","Duration"
"Exercise","Go for a run or jog","Exercise","1","30 minutes"
"Meditate","Spend time in silence and focus on your breath","Mindfulness","2","15 minutes"
"Cook a healthy meal","Prepare a nutritious meal for yourself","Diet","2","1 hour"
"Read a book","Choose a book and spend some time reading","Leisure","1","1 hour"
"Paint or draw","Engage in creative expression through art","Creativity","2","1 hour"
"Spend time with loved ones","Hang out with family or friends","Social","1","2 hours"
"Learn a new language","Take up language learning as a personal development activity","Personal Development","3","30 minutes"
"Go for a bike ride","Enjoy the outdoors and get some exercise","Exercise","2","1 hour"
"Practice yoga","Take a yoga class or follow along with a video","Mindfulness,Exercise","2","1 hour"
"Try a new hobby","Explore a new activity that interests you","Leisure,Personal Development","2","2 hours"
"Journal","Write down your thoughts and feelings","Mindfulness,Personal Development","1","30 minutes"
"Take a dance class","Learn a new dance style or improve your skills","Exercise,Creativity","3","1 hour"
"Volunteer","Give back to your community by helping others","Social,Personal Development","2","2 hours"
"Go for a hike","Enjoy nature and get some fresh air","Exercise,Leisure","3","2 hours"
"Practice gratitude","Write down things you're grateful for","Mindfulness,Personal Development","1","15 minutes"
"Go to a museum","Visit a local museum and explore the exhibits","Leisure","1","2 hours"
"Take a cooking class","Learn new recipes and cooking techniques","Diet,Creativity","2","2 hours"
"Listen to music","Listen to your favorite songs or discover new music","Leisure","1","1 hour"
"Try a new workout","Engage in a different type of exercise routine","Exercise","2","1 hour"
"Plant a garden","Start your own garden and grow your own plants","Leisure,Personal Development","3","2 hours"
"Practice deep breathing","Focus on your breath and take deep breaths","Mindfulness","1","10 minutes"
"Learn to play a musical instrument","Pick up an instrument and learn to play","Creativity,Personal Development","3","1 hour"
"Attend a mindfulness workshop","Learn and practice mindfulness techniques","Mindfulness,Personal Development","2","2 hours"
"Go on a picnic","Enjoy a meal outdoors with friends or family","Leisure,Social","1","2 hours"
"Take a photography walk","Capture the beauty of your surroundings through photography","Leisure,Creativity","2","1 hour"
"Practice self-care","Engage in activities that promote your well-being","Personal Development","1","1 hour"
"Try a new recipe","Experiment with a new dish in the kitchen","Diet,Leisure","2","1 hour"
"Go to a comedy show","Laugh and have a great time at a comedy performance","Leisure","1","2 hours"
"Take a nature walk","Take a leisurely stroll in a natural setting","Leisure","1","1 hour"
"Try a new type of workout class","Explore different fitness classes and find new favorites","Exercise","2","1 hour"
"Go on a road trip","Embark on a spontaneous adventure and explore new places","Leisure","3","8 hours"
"Practice mindfulness while eating","Eat a meal slowly and mindfully, savoring each bite","Mindfulness,Diet","1","30 minutes"
"Join a book club","Connect with others who share your love for reading","Social,Leisure","1","2 hours"
"Go swimming","Dive into a swimming pool or take a dip in the ocean","Exercise","2","1 hour"
"Take a day trip to a nearby town","Discover new places and immerse yourself in different cultures","Leisure","2","6 hours"
"Practice positive affirmations","Repeat positive statements to boost your self-belief","Mindfulness,Personal Development","1","10 minutes"
"Go to a live concert","Experience the magic of live music performances","Leisure","1","3 hours"
"Try a new art form","Explore different art mediums and techniques","Creativity","2","2 hours"
"Take a dance cardio class","Combine fitness and dance in an energetic workout","Exercise","2","1 hour"
"Plan a weekend getaway","Create an itinerary for a refreshing weekend escape","Leisure","3","2 days"
"Practice mindfulness in nature","Find a peaceful spot outdoors and practice being present","Mindfulness","1","30 minutes"
"Go for a kayak or canoe ride","Paddle through calm waters and enjoy the scenery","Exercise,Leisure","2","2 hours"
"Try a new type of cuisine","Sample dishes from different cultures and broaden your palate","Diet","2","1 hour"
"Practice meditation before bed","Relax your mind and prepare for a restful sleep","Mindfulness","1","15 minutes"
"Visit a local farmers market","Support local farmers and purchase fresh produce","Diet,Leisure","1","1 hour"
"Create a vision board","Gather images and words that represent your goals and aspirations","Personal Development,Creativity","2","1 hour"
"Take a group fitness class","Join a fitness community and work out with others","Exercise,Social","2","1 hour"
"Practice tai chi","Learn and perform the gentle movements of tai chi","Mindfulness,Exercise","2","1 hour"
"Write a gratitude letter","Express your gratitude to someone you appreciate","Mindfulness,Personal Development","1","30 minutes"
"Go to a spa","Treat yourself to a relaxing spa experience","Leisure,Personal Development","1","3 hours"
"Try a new outdoor activity","Engage in a new adventure like rock climbing or paddleboarding","Exercise","3","3 hours"
"Practice guided visualization","Imagine positive scenarios to reduce stress and anxiety","Mindfulness,Personal Development","1","15 minutes"
"Join a local sports team","Stay active and meet new people through sports","Exercise,Social","2","2 hours"
"Learn to knit or crochet","Create cozy items using yarn and needles","Creativity,Personal Development","2","2 hours"
"Take a technology detox day","Disconnect from screens and enjoy the present moment","Mindfulness,Personal Development","1","24 hours"
"Go camping","Spend a night in nature and enjoy the simplicity of outdoor living","Leisure","3","1 day"
"Practice mindful eating","Eat mindfully and pay attention to the sensations of each bite","Mindfulness,Diet","1","30 minutes"
"Start a gratitude journal","Write down things you're grateful for every day","Mindfulness,Personal Development","1","10 minutes"
"Explore a local park or nature reserve","Discover the beauty of your surroundings on a nature walk","Leisure","2","2 hours"
"Visit an art gallery","Immerse yourself in the world of art and admire different works","Leisure","1","2 hours"
"Create a DIY project","Make something unique and personalized using your creativity","Creativity,Personal Development","2","2 hours"
"Host a themed dinner party","Gather friends or family for a fun evening with a special theme","Social,Creativity","2","4 hours"
"Take a hot bath or shower","Relax your muscles and indulge in some self-care","Leisure,Personal Development","1","30 minutes"
"Practice mindful breathing","Focus on your breath and bring your attention to the present moment","Mindfulness","1","10 minutes"
"Join a community garden","Grow your own food and connect with fellow gardeners","Leisure,Social","2","2 hours"
"Try a new type of dance","Learn the basics of salsa, hip-hop, or ballet","Exercise,Creativity","2","1 hour"
"Visit a botanical garden","Explore beautifully curated gardens and learn about different plants","Leisure","1","2 hours"
"Take a break in nature","Find a quiet spot outdoors and relax amidst natural surroundings","Leisure","1","1 hour"
"Practice mindful walking","Walk slowly and attentively to fully experience each step","Mindfulness,Exercise","1","30 minutes"
"Go to a comedy club","Enjoy a night of laughter with stand-up comedy performances","Leisure","1","3 hours"
"Try a new form of exercise","Experiment with Pilates, kickboxing, or a high-intensity interval training","Exercise","2","1 hour"
"Learn a new skill online","Enroll in an online course and expand your knowledge","Personal Development","2","1 hour"
"Plant herbs in small pots","Grow fresh herbs in your kitchen for cooking","Leisure,Personal Development","2","30 minutes"
"Practice mindful listening","Listen attentively to music, nature sounds, or podcasts","Mindfulness","1","15 minutes"
"Go to a theme park","Indulge in thrilling rides and enjoy the fun-filled atmosphere","Leisure","2","6 hours"
"Try a new type of meditation","Explore guided meditation, loving-kindness meditation, or body scan","Mindfulness","2","20 minutes"
"Participate in a charity run or walk","Support a cause while engaging in physical activity","Exercise,Social","2","1 hour"
"Create a self-care routine","Develop daily rituals that prioritize your well-being","Personal Development","1","30 minutes"
"Try a new type of tea or coffee","Explore different flavors and indulge in a cozy beverage","Diet,Leisure","1","15 minutes"
"Practice mindful communication","Listen and speak with full awareness in your interactions","Mindfulness,Personal Development","1","10 minutes"
"Go to a local sports event","Cheer for your favorite team and enjoy the excitement","Leisure,Social","1","3 hours"
"Participate in a group meditation","Join a meditation group and meditate together","Mindfulness,Social","2","1 hour"
"Try a new DIY beauty treatment","Make your own face mask or body scrub using natural ingredients","Personal Development","2","30 minutes"
"Go to a puzzle room or escape room","Solve puzzles and work together to escape a themed room","Leisure,Social","2","1 hour"
"Practice mindful stretching","Engage in gentle stretching exercises and focus on your body sensations","Mindfulness,Exercise","1","15 minutes"
"Go to a farmers market","Support local farmers and enjoy fresh, organic produce","Diet,Leisure","1","1 hour"
"Take a bike tour of your city","Explore your surroundings and discover new places on two wheels","Leisure,Exercise","2","2 hours"
"Create a relaxation playlist","Curate a playlist of soothing music to help you unwind","Leisure,Mindfulness","1","1 hour"
"Try a new type of craft","Experiment with origami, pottery, or paper quilling","Creativity","2","2 hours"
"Practice mindful coloring","Engage in coloring activities that promote relaxation and focus","Mindfulness,Creativity","1","30 minutes"
"Go to a local festival or fair","Immerse yourself in the culture and festivities of your community","Leisure,Social","2","4 hours"
"Try a new form of exercise, such as pole dancing or aerial yoga","Step out of your comfort zone and challenge your body","Exercise","3","1 hour"
"Host a game night","Invite friends over for an evening of board games and laughter","Social","2","3 hours"
"Practice mindful showering","Focus on the sensations of water and be fully present in the shower","Mindfulness","1","10 minutes"
"Go to a meditation retreat","Deepen your meditation practice with a dedicated retreat experience","Mindfulness,Leisure","3","2 days"
"Take a cooking workshop","Learn advanced cooking techniques from professional chefs","Diet,Personal Development","3","3 hours"
"Start a book club","Gather a group of friends to discuss and recommend books","Social,Leisure","1","2 hours"
"Try a new type of workout equipment","Experiment with kettlebells, resistance bands, or medicine balls","Exercise","2","1 hour"
"Organize a beach clean-up","Contribute to a cleaner environment by removing trash from the beach","Social,Leisure","2","2 hours"
"Practice mindfulness while cleaning","Engage in cleaning activities with full presence and awareness","Mindfulness","1","30 minutes"
"Go to a local farmers market","Support local farmers and purchase fresh produce","Diet,Leisure","1","1 hour"
"Take a cooking class","Learn new recipes and cooking techniques","Diet,Creativity","2","2 hours"
"Try a new recipe","Experiment with a new dish in the kitchen","Diet,Leisure","2","1 hour"
"Go for a run or jog","Exercise to get your heart rate up and boost your mood","Exercise","2","30 minutes"
"Explore a local park or nature reserve","Take a walk or hike through the beauty of nature","Leisure","1","2 hours"
"Practice yoga","Stretch and strengthen your body while finding inner peace","Mindfulness,Exercise","2","1 hour"
"Listen to a podcast","Learn something new or be entertained by listening to podcasts","Leisure,Personal Development","1","30 minutes"
"Write in a gratitude journal","Reflect on the things you are grateful for in your life","Mindfulness,Personal Development","1","10 minutes"
"Go for a bike ride","Enjoy a scenic ride and get some fresh air and exercise","Exercise","2","1 hour"
"Practice meditation","Spend time in quiet reflection and find inner calm","Mindfulness","2","15 minutes"
"Try a new type of workout class","Join a fitness class and challenge your body in a new way","Exercise","2","1 hour"
"Take a relaxing bath","Soak in a warm bath with candles and soothing scents","Leisure,Personal Development","1","30 minutes"
"Have a picnic","Enjoy a meal outdoors surrounded by nature or with loved ones","Leisure,Social","1","2 hours"
"Learn a new hobby","Explore a new activity that sparks your interest","Leisure,Personal Development","2","2 hours"
"Practice deep breathing exercises","Take slow, deep breaths to calm your mind and body","Mindfulness","1","10 minutes"
"Try a new form of artistic expression","Experiment with painting, pottery, or photography","Creativity","2","2 hours"
"Spend time with loved ones","Connect with family or friends through quality time","Social","1","2 hours"
"Go to a comedy show","Laugh and be entertained by stand-up comedy performances","Leisure","1","2 hours"
"Volunteer for a charitable organization","Give back to your community and make a positive impact","Social,Personal Development","2","2 hours"
